DisplayName,GivenName,SurName,UsageLocation,MailNickname,UserPrincipalName
Adele Vance,Adele,Vance,US,AdeleV,AdeleV@duybao.me
Alex Wilber,Alex,Wilber,US,AlexW,AlexW@duybao.me
Allan Deyoung,Allan,Deyoung,US,AllanD,AllanD@duybao.me
Automate Bot,Automate,Bot,US,AutomateB,AutomateB@duybao.me
Christie Cline,Christie,Cline,US,ChristieC,ChristieC@duybao.me
Debra Berger,Debra,Berger,US,DebraB,DebraB@duybao.me
Diego Siciliani,Diego,Siciliani,US,DiegoS,DiegoS@duybao.me
Grady Archie,Grady,Archie,US,GradyA,GradyA@duybao.me
Isaiah Langer,Isaiah,Langer,US,IsaiahL,IsaiahL@duybao.me
Johanna Lorenz,Johanna,Lorenz,US,JohannaL,JohannaL@duybao.me
Lee Gu,Lee,Gu,US,LeeG,LeeG@duybao.me
Lidia Holloway,Lidia,Holloway,US,LidiaH,LidiaH@duybao.me
Lynne Robbins,Lynne,Robbins,US,LynneR,LynneR@duybao.me
Megan Bowen,Megan,Bowen,US,MeganB,MeganB@duybao.me
Miriam Graham,Miriam,Graham,US,MiriamG,MiriamG@duybao.me
Nestor Wilke,Nestor,Wilke,US,NestorW,NestorW@duybao.me
Patti Fernandez,Patti,Fernandez,US,PattiF,PattiF@duybao.me
